{
  "name": "Otwarte Dane Theme",
  "component": false,
  "license_url": null,
  "about_url": null,
  "authors": null,
  "theme_version": null,
  "minimum_discourse_version": null,
  "maximum_discourse_version": null,
  "assets": {
  },
  "color_schemes": {
    "WCAG Light": {
      "primary": "000000",
      "secondary": "ffffff",
      "tertiary": "3369ff",
      "quaternary": "3369ff",
      "header_background": "ffffff",
      "header_primary": "000000",
      "highlight": "3369ff",
      "danger": "bb1122",
      "success": "3d854d",
      "love": "9d256b",
      "primary-low-mid": "909090",
      "primary-medium": "696969",
      "highlight-low": "e0e9ff",
      "highlight-medium": "e0e9ff",
      "highlight-high": "0036e6"
    }
  },
  "modifiers": {
  },
  "learn_more": "https://meta.discourse.org/t/beginners-guide-to-using-discourse-themes/91966"
}